dataset,kernel_model,state_model,accuracy_match,kernel_total_time_s,state_total_time_s,speedup
ids2012,qsvm_angle,state_svm_angle,True,2.666295019997051,0.04516678499931004,59.03220740723035
ids2012,qsvm_amplitude,state_svm_amplitude,True,3.163108603002911,0.023786663994542323,132.9782353561081
ids2012,qsvm_zz,state_svm_zz,True,29.3447559700071,0.31813208199309884,92.24079440891997
ids2012,qknn_angle,state_knn_angle,True,0.02345342300395714,0.030696231006004382,0.7640489478779822
ids2012,qknn_amplitude,state_knn_amplitude,True,0.0315614999999525,0.04158023600757588,0.7590505256921107
ids2012,qknn_zz,state_knn_zz,True,0.2157718609960284,0.23968617700302275,0.9002265532955922
ids2012,photonic_fidelity_svm_angle,photonic_state_svm_angle,False,0.5647135620019981,0.041916799993487075,13.47224888564351
ids2012,photonic_fidelity_knn_angle,photonic_state_knn_angle,True,0.14174395100417314,0.018212592003692407,7.782744541547743
